ride_id,ride_name,ride_type,min_height_cm,thrill_level,capacity_per_hour,zone,is_haunted,opened_date,status,avg_wait_minutes
R001,Thunder Dragon,roller_coaster,100,low,370,Adventure Zone,FALSE,25-06-2010,active,28
R002,Shadow Falls,dark_ride,0,medium,591,Horror Quarter,FALSE,16-07-2008,active,33
R003,Blazing Manor,drop_tower,120,high,1020,Splash Valley,FALSE,15-10-2011,active,44
R004,Haunted Drop,water_ride,130,extreme,841,Family Land,FALSE,06-03-2005,maintenance,0
R005,Steel Carousel,carousel,0,low,983,Kids Corner,FALSE,30-04-2023,closed,0
R006,Wild Rockets,kiddie_ride,0,medium,867,Main Street,FALSE,19-09-2011,active,47
R007,Sky Crypt,roller_coaster,80,high,437,Adventure Zone,FALSE,07-12-2010,active,12
R008,Dark Train,dark_ride,0,extreme,409,Horror Quarter,FALSE,26-08-2021,active,40
R009,Rapid River,drop_tower,90,low,578,Splash Valley,FALSE,28-04-2011,maintenance,0
R010,Twisted Comet,water_ride,120,medium,515,Family Land,FALSE,04-02-2021,closed,0
R011,Phantom Tower,carousel,0,high,651,Kids Corner,FALSE,26-07-2009,active,48
R012,Crimson Express,kiddie_ride,0,extreme,949,Main Street,FALSE,03-12-2010,active,37
R013,Electric Quest,roller_coaster,110,low,557,Adventure Zone,FALSE,21-02-2006,active,10
R014,Solar Run,dark_ride,0,medium,949,Horror Quarter,FALSE,02-07-2014,maintenance,0
R015,Frozen Loop,drop_tower,100,high,345,Splash Valley,FALSE,30-01-2005,closed,0
R016,Ancient Spin,water_ride,100,extreme,1089,Family Land,FALSE,08-12-2007,active,45
R017,Mystic Swing,carousel,0,low,568,Kids Corner,FALSE,16-08-2008,active,52
R018,Cosmic Flight,kiddie_ride,0,medium,752,Main Street,FALSE,17-05-2017,active,50
R019,Neon Chase,roller_coaster,110,high,874,Adventure Zone,FALSE,21-03-2005,maintenance,0
R020,Raging Rush,dark_ride,0,extreme,414,Horror Quarter,FALSE,09-09-2006,closed,0
R021,Golden Slide,drop_tower,130,low,452,Splash Valley,FALSE,28-03-2017,active,7
R022,Silver Plunge,water_ride,100,medium,896,Family Land,FALSE,24-05-2017,active,14
R023,Iron Dip,carousel,0,high,740,Kids Corner,FALSE,11-11-2007,active,7
R024,Crystal Jump,kiddie_ride,0,extreme,615,Main Street,FALSE,07-03-2013,maintenance,0
R025,Marble Leap,roller_coaster,80,low,666,Adventure Zone,FALSE,17-09-2009,closed,0
R026,Fire Dash,dark_ride,0,medium,998,Horror Quarter,FALSE,07-08-2010,active,47
R027,Storm Race,drop_tower,80,high,662,Splash Valley,FALSE,01-07-2022,active,40
R028,Venom Ride,water_ride,110,extreme,935,Family Land,FALSE,23-10-2021,active,14
R029,Ghost Trip,carousel,0,low,542,Kids Corner,FALSE,24-08-2008,maintenance,0
R030,Doom Tour,kiddie_ride,0,medium,481,Main Street,FALSE,01-04-2014,closed,0
R031,Epic Escape,roller_coaster,80,high,483,Adventure Zone,FALSE,09-07-2021,active,26
R032,Titan Attack,dark_ride,0,extreme,721,Horror Quarter,FALSE,29-12-2022,active,47
R033,Comet Defense,drop_tower,130,low,554,Splash Valley,FALSE,26-12-2010,active,15
R034,Blaze Strike,water_ride,130,medium,410,Family Land,FALSE,31-07-2013,maintenance,0
R035,Wave Force,carousel,0,high,339,Kids Corner,FALSE,23-07-2015,closed,0
R036,Rush Power,kiddie_ride,0,extreme,527,Main Street,FALSE,23-06-2009,active,57
R037,Fury Wave,roller_coaster,110,low,658,Adventure Zone,FALSE,06-11-2011,active,57
R038,Surge Pulse,dark_ride,0,medium,533,Horror Quarter,FALSE,01-01-2010,active,6
R039,Flash Blast,drop_tower,130,high,497,Splash Valley,FALSE,09-12-2013,maintenance,0
R040,Pulse Surge,water_ride,100,extreme,585,Family Land,FALSE,23-07-2006,closed,0
R041,Echo Venture,carousel,0,low,1091,Kids Corner,FALSE,06-04-2011,active,27
R042,Nova Safari,kiddie_ride,0,medium,956,Main Street,FALSE,05-06-2016,active,30
R043,Orbit Journey,roller_coaster,130,high,849,Adventure Zone,FALSE,05-06-2012,active,6
R044,Apex Voyage,dark_ride,0,extreme,418,Horror Quarter,FALSE,10-11-2010,maintenance,0
R045,Zenith Mission,drop_tower,90,low,894,Splash Valley,FALSE,15-12-2010,closed,0
R046,Helix Challenge,water_ride,80,medium,411,Family Land,FALSE,20-05-2018,active,32
R047,Vortex Trial,carousel,0,high,653,Kids Corner,FALSE,05-05-2021,active,55
R048,Spiral Test,kiddie_ride,0,extreme,621,Main Street,FALSE,15-10-2014,active,43
R049,Surge Quest,roller_coaster,120,low,418,Adventure Zone,FALSE,22-08-2013,maintenance,0
R050,Drift Hunt,dark_ride,0,medium,890,Horror Quarter,FALSE,07-04-2009,closed,0
R051,Claw Castle,drop_tower,100,high,345,Splash Valley,FALSE,24-11-2020,active,32
R052,Fang Dungeon,water_ride,80,extreme,832,Family Land,FALSE,02-02-2023,active,39
R053,Roar Palace,carousel,0,low,1003,Kids Corner,FALSE,19-02-2021,active,52
R054,Howl Temple,kiddie_ride,0,medium,1054,Main Street,FALSE,16-01-2020,maintenance,0
R055,Slash Fortress,roller_coaster,90,high,672,Adventure Zone,FALSE,04-09-2014,closed,0
R056,Strike Citadel,dark_ride,0,extreme,371,Horror Quarter,FALSE,25-11-2019,active,26
R057,Crash Keep,drop_tower,120,low,621,Splash Valley,FALSE,18-11-2019,active,59
R058,Smash Tower,water_ride,80,medium,1037,Family Land,FALSE,27-09-2011,active,37
R059,Blast Spire,carousel,0,high,616,Kids Corner,FALSE,17-12-2019,maintenance,0
R060,Boom Vault,kiddie_ride,0,extreme,718,Main Street,FALSE,26-04-2012,closed,0
R061,Haze Cavern,roller_coaster,110,low,1013,Adventure Zone,FALSE,20-08-2011,active,40
R062,Mist Canyon,dark_ride,0,medium,430,Horror Quarter,FALSE,21-04-2009,active,31
R063,Fog Gorge,drop_tower,130,high,688,Splash Valley,FALSE,11-03-2020,active,52
R064,Dusk Ravine,water_ride,90,extreme,930,Family Land,FALSE,07-10-2017,maintenance,0
R065,Dawn Valley,carousel,0,low,608,Kids Corner,FALSE,09-02-2014,closed,0
R066,Glow Peak,kiddie_ride,0,medium,861,Main Street,FALSE,04-01-2005,active,24
R067,Gleam Summit,roller_coaster,100,high,515,Adventure Zone,FALSE,23-08-2014,active,55
R068,Spark Ridge,dark_ride,0,extreme,893,Horror Quarter,FALSE,10-08-2018,active,46
R069,Flare Cliff,drop_tower,100,low,776,Splash Valley,FALSE,29-11-2014,maintenance,0
R070,Beam Crest,water_ride,110,medium,991,Family Land,FALSE,17-10-2009,closed,0
R071,Serpent Lagoon,carousel,0,high,823,Kids Corner,FALSE,13-08-2015,active,55
R072,Dragon Bay,kiddie_ride,0,extreme,1053,Main Street,FALSE,22-10-2008,active,47
R073,Phoenix Cove,roller_coaster,80,low,590,Adventure Zone,FALSE,24-07-2016,active,47
R074,Hydra Reef,dark_ride,0,medium,948,Horror Quarter,FALSE,21-11-2018,maintenance,0
R075,Kraken Shore,drop_tower,100,high,395,Splash Valley,FALSE,11-05-2023,closed,0
R076,Cyclops Beach,water_ride,90,extreme,988,Family Land,FALSE,18-12-2011,active,19
R077,Griffin Island,carousel,0,low,503,Kids Corner,FALSE,22-04-2008,active,6
R078,Minotaur Haven,kiddie_ride,0,medium,347,Main Street,FALSE,29-06-2010,active,35
R079,Chimera Harbor,roller_coaster,120,high,1086,Adventure Zone,FALSE,20-08-2006,maintenance,0
R080,Sphinx Port,dark_ride,0,extreme,766,Horror Quarter,FALSE,19-04-2014,closed,0
R081,Alpha Storm,drop_tower,130,low,889,Splash Valley,FALSE,12-05-2009,active,50
R082,Beta Thunder,water_ride,130,medium,693,Family Land,FALSE,02-02-2016,active,30
R083,Gamma Lightning,carousel,0,high,549,Kids Corner,FALSE,23-04-2008,active,46
R084,Delta Bolt,kiddie_ride,0,extreme,1004,Main Street,FALSE,15-02-2005,maintenance,0
R085,Omega Shock,roller_coaster,80,low,1097,Adventure Zone,FALSE,15-07-2014,closed,0
R086,Sigma Spark,dark_ride,0,medium,524,Horror Quarter,FALSE,11-12-2008,active,56
R087,Lambda Flash,drop_tower,130,high,830,Splash Valley,FALSE,03-06-2015,active,8
R088,Zeta Flare,water_ride,120,extreme,555,Family Land,FALSE,22-09-2007,active,34
R089,Theta Blaze,carousel,0,low,436,Kids Corner,FALSE,23-12-2022,maintenance,0
R090,Kappa Flame,kiddie_ride,0,medium,775,Main Street,FALSE,22-12-2019,closed,0
R091,Inferno Echo,roller_coaster,120,high,872,Adventure Zone,FALSE,10-05-2018,active,25
R092,Glacier Vortex,dark_ride,0,extreme,1073,Horror Quarter,FALSE,05-12-2014,active,44
R093,Avalanche Spiral,drop_tower,130,low,816,Splash Valley,FALSE,28-07-2014,active,58
R094,Tsunami Helix,water_ride,120,medium,756,Family Land,FALSE,27-07-2008,maintenance,0
R095,Tornado Orbit,carousel,0,high,1061,Kids Corner,FALSE,25-08-2015,closed,0
R096,Cyclone Nova,kiddie_ride,0,extreme,760,Main Street,FALSE,25-10-2010,active,53
R097,Hurricane Comet,roller_coaster,90,low,952,Adventure Zone,FALSE,22-03-2011,active,54
R098,Blizzard Meteor,dark_ride,0,medium,1096,Horror Quarter,FALSE,10-09-2016,active,36
R099,Tempest Asteroid,drop_tower,130,high,544,Splash Valley,FALSE,28-02-2011,maintenance,0
R100,Volcano Galaxy,water_ride,110,extreme,379,Family Land,FALSE,02-01-2021,closed,0
